<?xml version="1.0" encoding="UTF-8"?><?xml-stylesheet type='text/xsl' href='_UpgradeReport_Files/UpgradeReport.xslt'?><UpgradeLog>
<Properties><Property Name="Solution" Value="MI_LIB">
</Property><Property Name="方案檔" Value="D:\Codes\C\DICOM\DICOM_dictionary\DICOM dictionary\MI_LIB\MI_LIB.sln">
</Property><Property Name="使用者選項檔" Value="D:\Codes\C\DICOM\DICOM_dictionary\DICOM dictionary\MI_LIB\MI_LIB.suo">
</Property><Property Name="Date" Value="2011年10月4日">
</Property><Property Name="Time" Value="上午 08:45">
</Property></Properties><Event ErrorLevel="0" Project="" Source="MI_LIB.sln" Description="檔案已成功備份為 D:\Codes\C\DICOM\DICOM_dictionary\DICOM dictionary\MI_LIB\MI_LIB.sln.old">
</Event><Event ErrorLevel="0" Project="" Source="MI_LIB.suo" Description="檔案已成功備份為 D:\Codes\C\DICOM\DICOM_dictionary\DICOM dictionary\MI_LIB\MI_LIB.suo.old">
</Event><Event ErrorLevel="0" Project="MI_LIB" Source="MI_LIB.vcproj" Description="Converting project file 'D:\Codes\C\DICOM\DICOM_dictionary\DICOM dictionary\MI_LIB\MI_LIB.vcproj'.">
</Event><Event ErrorLevel="1" Project="MI_LIB" Source="MI_LIB.vcproj" Description="VCWebServiceProxyGeneratorTool is no longer supported. The tool has been removed from your project settings.">
</Event><Event ErrorLevel="1" Project="MI_LIB" Source="MI_LIB.vcproj" Description="Attribute 'CopyLocalDependencies' of 'AssemblyReference' is not supported in this version and has been removed during conversion.">
</Event><Event ErrorLevel="1" Project="MI_LIB" Source="MI_LIB.vcproj" Description="Attribute 'UseDependenciesInBuild' of 'AssemblyReference' is not supported in this version and has been removed during conversion.">
</Event><Event ErrorLevel="1" Project="MI_LIB" Source="MI_LIB.vcproj" Description="Attribute 'CopyLocalDependencies' of 'AssemblyReference' is not supported in this version and has been removed during conversion.">
</Event><Event ErrorLevel="1" Project="MI_LIB" Source="MI_LIB.vcproj" Description="Attribute 'UseDependenciesInBuild' of 'AssemblyReference' is not supported in this version and has been removed during conversion.">
</Event><Event ErrorLevel="1" Project="MI_LIB" Source="MI_LIB.vcproj" Description="Attribute 'CopyLocalDependencies' of 'AssemblyReference' is not supported in this version and has been removed during conversion.">
</Event><Event ErrorLevel="1" Project="MI_LIB" Source="MI_LIB.vcproj" Description="Attribute 'UseDependenciesInBuild' of 'AssemblyReference' is not supported in this version and has been removed during conversion.">
</Event><Event ErrorLevel="0" Project="MI_LIB" Source="MI_LIB.vcproj" Description="Done converting to new project file 'D:\Codes\C\DICOM\DICOM_dictionary\DICOM dictionary\MI_LIB\MI_LIB.vcxproj'.">
</Event><Event ErrorLevel="3" Project="MI_LIB" Source="MI_LIB.vcproj" Description="Converted">
</Event><Event ErrorLevel="0" Project="" Source="MI_LIB.sln" Description="方案轉換成功">
</Event><Event ErrorLevel="3" Project="" Source="MI_LIB.sln" Description="Converted">
</Event></UpgradeLog>