<ImagingStudy xmlns="http://hl7.org/fhir">
  <id value="example"/> 
  <text> 
    <status value="generated"/> 
    <div xmlns="http://www.w3.org/1999/xhtml"> The content may include patient and study information generated by the sytem that created the mainfest.</div> 
  </text> 
  <uid value="urn:oid:1.2.840.113674.1118.54.200"/> 
  <patient> 
    <reference value="reference the unique ID in healthcare registry and repository"/> 
  </patient> 
  <started value="2011-01-01T11:01:20+03:00  //When the study was started, might be created in DICOM UPS "/> 
  <numberOfSeries value="1"/> 
  <numberOfInstances value="9"/> 

  <series> 
    <uid value="urn:oid:1.2.840.113674.1118.54.179.300"/> 
    <number value="3"/> 
    <modality> 
      <system value="http://dicom.nema.org/resources/ontology/DCM"/> 
      <code value="MR"/> 
    </modality>  
    <description value="MR brain"/> 
    <numberOfInstances value="9"/> 
    <bodySite> 
      <!--   Added body site to support duplicate checking example   -->
      <system value="http://snomed.info/sct"/> 
      <code value="67734004 //should have exam body site code system "/> 
      <display value="Upper Trunk Structure"/> 
    </bodySite> 
    <instance> 
      <uid value="urn:oid:1.2.840.113674.950809132633027.100"/> 
      <number value="1"/> 
      <sopClass value="urn:oid:1.2.840.10008.5.1.4.1.1.4"/> 
	  <path value="DCMFiles"/> 
	  <file value="MR2S1IM1.DCM"/> 
	  <hash method="SHA256" value="ahjfhsgkgdktgtbkgkdfkd"/> 
      <encodeMethod value="urn:oid:1.2.840.10008.1.2"/> <!-- DICOM Transfer Syntax -->
	  <part10fileHedaer value="true"/> 
	   <!-- imageSpecification for display DCM image easily, might need a sophisticate specification to present all image properly -->
	  <imageSpecification value="{rows:512, columns:512, storedBytes:2, samplesPerPixel:1, WindowCenter:475, WindowWidth:841,  pixelDataOffset:1026 }"/>  <!-- DICOM Transfer Syntax -->
    </instance> 
	
	<instance> 
      <uid value="urn:oid:1.2.840.113674.950809132633027.100"/> 
      <number value="1"/> 
      <sopClass value="urn:oid:1.2.840.10008.5.1.4.1.1.4"/> 
	  <path value="DCMFiles"/> 
	  <file value="MR2S1IM1.DCM"/> 
	  <hash method="SHA256" value="ahjfhsgkgdktgtbkgkdfkd"/> 
      <encodeMethod value="urn:oid:1.2.840.10008.1.2"/> <!-- DICOM Transfer Syntax -->
	  <part10fileHedaer value="true"/> 
	   <!-- imageSpecification for display DCM image easily, might need a sophisticate specification to present all image properly -->
	  <imageSpecification value="{rows:512, columns:512, storedBytes:2, samplesPerPixel:1, WindowCenter:475, WindowWidth:841,  pixelDataOffset:1026 }"/>  <!-- DICOM Transfer Syntax -->
    </instance> 
	
  </series>    
</ImagingStudy> 